fold,rmse,mae
1,45459.75483660183,37438.904560671996
2,74410.01919284574,44867.65380054086
3,87640.99318085694,63413.3435647204
4,72000.2529328206,54709.187362771576
5,68034.63174569856,58757.62194520313
